COUNTRY,Continent,Region,active_students,male,female,associate,bachelors,doctorate,flight_school,high_school,language_training,masters,other,other_vocational_school,primary,secondary,AK,AL,AR,AZ,CA,CO,CT,DC,DE,FL,GA,GU,HI,IA,ID,IL,IN,KS,KY,LA,MA,MD,ME,MI,MN,MO,MP,MS,MT,NC,ND,NE,NH,NJ,NM,NV,NY,OH,OK,OR,PA,PR,RI,SC,SD,TN,TX,UT,VA,VI,VT,WA,WI,WV,WY
AFGHANISTAN,Asia,Southern Asia,518,264,254,20,193,76,0,0,18,123,10,0,4,74,0,1,1,5,33,5,21,21,0,8,5,0,0,10,1,11,15,10,9,3,54,2,9,4,7,9,0,1,1,17,0,2,12,10,1,3,81,8,8,2,23,0,12,7,0,5,24,6,26,0,11,3,8,2,1
ALBANIA,Europe,Southern Europe,1453,651,802,305,626,99,0,0,130,236,37,0,2,18,0,3,4,16,50,3,49,9,11,110,12,0,0,5,27,66,9,9,5,2,171,9,4,121,25,22,0,0,3,12,0,0,3,94,2,4,367,40,6,1,53,0,4,3,0,10,42,10,25,0,1,15,15,1,0
ALGERIA,Africa,Northern Africa,504,333,171,63,97,90,2,0,155,73,22,0,0,2,0,1,2,6,75,2,4,6,3,10,8,0,0,8,1,14,5,8,1,1,41,4,1,6,4,9,0,0,0,4,22,1,5,13,0,0,132,8,4,1,16,0,2,1,1,4,39,2,17,0,0,0,3,0,9
ANDORRA,Europe,Southern Europe,24,19,5,1,9,0,0,0,2,4,2,0,0,6,0,0,0,0,3,1,0,0,0,3,1,0,0,1,0,2,1,0,0,0,4,0,1,1,0,1,0,0,0,0,0,0,0,0,0,0,1,0,0,0,2,0,0,0,0,0,0,0,0,0,2,0,0,0,0
ANGOLA,Africa,Central Africa,717,408,309,108,309,24,5,0,133,111,14,1,1,11,0,2,1,20,24,6,1,6,1,66,13,0,0,3,4,10,9,3,3,13,23,4,2,4,8,5,0,0,1,7,1,0,1,3,1,1,27,5,32,2,20,0,0,1,0,2,355,7,9,0,0,7,3,1,0
ANGUILLA,North America,Caribbean,6,3,3,1,4,0,1,0,0,0,0,0,0,0,0,0,0,0,0,1,0,0,0,2,0,0,0,0,0,0,0,0,0,0,0,1,0,1,0,0,0,0,0,0,0,0,0,0,0,0,0,0,0,0,0,0,0,0,0,0,1,0,0,0,0,0,0,0,0
ANTIGUA AND BARBUDA,North America,Caribbean,239,114,125,39,136,11,0,0,0,38,5,0,0,10,0,2,2,2,8,0,0,2,1,40,7,0,0,7,2,4,2,0,2,0,10,3,1,1,1,3,0,1,0,3,0,0,0,7,1,0,68,4,2,0,4,0,1,0,0,6,21,0,2,0,1,1,0,16,0
ARGENTINA,South America,South America,4139,2214,1924,362,1615,399,9,0,671,810,166,33,11,63,0,28,17,18,372,22,35,56,5,1018,107,0,7,30,13,145,47,50,59,22,227,34,4,64,32,68,0,23,7,149,4,9,4,50,17,8,596,41,31,19,129,0,15,34,6,51,125,150,64,0,8,31,22,59,1
ARMENIA,Asia,Western Asia,637,306,331,47,187,76,0,0,99,189,19,0,0,20,0,0,0,13,307,4,7,4,1,18,6,0,0,4,5,26,3,0,4,1,43,6,2,7,26,6,0,0,0,9,0,1,0,7,1,2,53,4,5,3,12,0,3,2,0,0,11,4,10,0,2,3,10,1,1
ARUBA,North America,Caribbean,65,42,23,19,30,2,1,0,0,6,0,0,0,7,0,2,0,0,5,0,0,0,0,16,3,0,0,0,1,1,0,1,0,2,1,0,0,0,1,3,0,0,0,2,0,0,0,0,1,0,7,0,2,0,1,0,0,6,0,8,2,0,0,0,0,0,0,0,0
AUSTRALIA,Australia&Pacific Islands,Oceania,4515,2572,1940,421,2410,419,6,0,3,814,184,67,15,176,3,39,20,67,702,52,79,31,8,172,70,0,31,58,38,168,64,62,24,30,384,48,13,64,27,81,0,24,20,119,38,33,30,108,31,17,676,72,64,64,222,0,29,43,16,62,220,74,66,0,5,65,35,37,9
AUSTRIA,Europe,Western Europe,928,490,438,59,382,118,1,0,18,195,51,12,0,92,2,7,3,20,181,15,17,2,3,57,15,0,17,9,5,38,14,8,10,8,68,9,16,10,16,10,0,4,3,27,1,3,1,23,1,0,126,18,7,11,28,0,9,9,2,18,28,5,9,0,3,15,8,7,1
AZERBAIJAN,Asia,Western Asia,924,632,292,37,342,113,0,0,79,289,44,0,1,19,0,8,4,27,75,4,9,55,3,96,12,0,0,4,0,46,22,3,5,9,116,10,2,15,11,25,0,2,0,12,2,1,4,16,2,0,122,13,16,3,44,0,4,3,2,4,45,1,37,0,6,13,9,0,2
"BAHAMAS, THE",North America,Caribbean,3743,1717,2026,311,2479,149,29,3,0,500,30,9,7,226,0,114,220,16,39,10,13,33,2,1024,255,0,0,30,5,41,45,100,32,18,37,31,6,33,104,59,0,26,4,132,8,32,3,28,5,2,118,193,125,0,61,0,15,206,2,162,230,5,74,0,5,8,14,17,0
BAHRAIN,Asia,Western Asia,332,214,118,19,212,25,0,0,2,59,6,0,0,9,0,8,0,18,39,7,5,9,0,24,3,0,0,1,0,9,10,1,1,1,65,4,0,4,5,1,0,0,0,1,0,0,0,6,2,0,38,3,0,5,17,0,1,1,0,1,25,1,6,0,0,1,2,7,0
BANGLADESH,Asia,Southern Asia,17878,12204,5671,794,2929,7167,25,0,1464,5363,110,0,1,25,10,410,199,237,1214,106,197,107,111,990,361,0,22,250,108,501,364,220,223,340,397,222,41,799,252,337,0,163,31,392,161,121,93,219,171,96,2690,565,214,61,570,0,28,151,157,297,1864,137,1096,0,24,207,199,97,56
BARBADOS,North America,Caribbean,363,183,180,42,218,25,2,0,0,55,12,0,0,9,0,8,3,1,11,2,3,16,2,63,8,0,0,9,1,15,7,7,1,12,10,6,1,6,3,8,0,5,0,13,6,6,2,11,3,0,43,8,5,1,11,0,2,3,1,2,21,1,8,0,0,5,2,0,0
BASSAS DA INDIA,0,N/A,8,5,3,1,2,1,0,0,0,4,0,0,0,0,0,0,0,0,1,0,0,0,0,1,0,0,0,0,0,0,0,0,0,0,0,0,0,0,0,0,0,0,0,0,0,0,0,0,0,0,2,0,2,0,0,0,0,0,0,0,1,0,0,0,0,1,0,0,0
BELARUS,Europe,Eastern Europe,563,226,335,30,213,65,1,0,118,77,20,1,2,36,0,3,2,7,84,4,14,3,0,55,18,0,0,4,2,32,7,3,3,7,27,3,1,10,13,7,0,3,1,15,0,5,2,14,3,5,93,10,5,4,28,0,0,3,0,9,21,8,10,0,3,8,3,0,1
BELGIUM,Europe,Western Europe,1206,706,499,88,434,99,33,0,150,282,57,7,0,56,0,9,4,31,262,11,15,14,1,69,34,0,24,5,6,42,19,10,4,12,93,12,8,10,7,19,0,2,3,36,2,6,7,10,6,2,220,12,7,9,37,0,7,11,3,7,36,12,20,0,0,10,11,7,1
BELIZE,North America,Central America,435,190,244,41,239,37,5,0,3,89,6,5,1,9,0,10,16,2,46,4,3,1,2,96,19,0,1,4,2,7,9,4,20,9,6,0,2,12,5,13,0,2,0,9,0,0,0,5,3,3,23,17,4,2,2,0,0,2,0,6,42,0,4,0,0,7,9,1,1
BENIN,Africa,Western Africa,283,167,116,58,89,46,0,0,36,43,7,0,0,4,0,2,3,5,17,0,1,7,0,4,11,0,0,7,2,16,7,1,5,4,9,8,1,5,12,7,0,0,0,5,2,12,1,1,1,1,31,11,4,2,13,0,0,2,2,5,36,4,5,0,0,4,5,2,0
BERMUDA,North America,Northern America,365,176,189,19,225,9,0,0,1,27,5,3,7,69,0,15,0,3,7,4,12,5,5,67,32,0,0,0,1,3,6,1,1,8,29,8,13,8,0,1,0,0,0,28,0,1,5,5,0,0,28,5,4,0,16,0,10,4,0,7,5,2,8,0,4,2,0,2,0
BHUTAN,Asia,Southern Asia,184,64,120,6,123,7,2,0,2,31,5,2,0,6,0,0,2,0,9,4,8,2,0,5,2,0,0,2,0,6,1,0,5,0,10,1,2,0,1,1,0,0,0,1,0,0,0,1,2,1,25,1,1,0,4,0,1,1,1,0,68,0,4,0,3,7,2,0,0
BOLIVIA,South America,South America,1584,804,779,146,840,92,3,0,213,233,35,3,0,19,0,10,112,20,71,14,4,22,7,323,37,0,0,16,16,43,57,27,33,12,61,17,0,24,10,47,0,1,1,26,2,4,4,13,13,1,77,32,25,4,27,0,2,7,5,9,119,118,82,0,2,8,7,10,0
BOSNIA AND HERZEGOVINA,Europe,Southern Europe,270,129,141,15,147,39,0,0,8,43,6,0,0,12,0,0,4,0,24,3,7,6,0,16,1,0,0,7,6,23,5,3,2,1,19,2,0,1,2,3,0,1,0,11,0,0,5,3,0,0,25,7,19,18,6,0,0,3,0,2,9,5,7,0,3,4,4,1,2
BOTSWANA,Africa,Southern Africa,284,130,154,18,156,39,0,0,1,64,1,0,1,4,0,2,2,4,38,2,3,3,3,5,9,0,0,5,3,17,4,5,1,1,17,2,0,17,5,12,0,1,1,9,0,1,1,3,2,1,31,16,5,0,24,0,2,0,1,1,16,1,3,0,1,2,1,1,0
BRAZIL,South America,South America,29439,12941,16484,3014,8137,2306,10,0,8886,4006,1639,96,39,1306,1,150,93,162,4421,264,305,186,62,7246,827,0,54,279,145,919,475,289,216,130,2980,230,52,442,242,441,0,97,18,409,17,142,81,605,56,120,2203,368,235,89,737,0,62,129,43,219,1066,1040,523,0,28,247,172,88,29
BRITISH VIRGIN ISLANDS,North America,Caribbean,48,16,32,6,35,0,0,0,0,5,0,0,0,2,0,1,0,0,1,0,1,0,0,16,2,0,0,2,0,0,1,4,1,1,0,0,0,1,0,10,0,0,0,2,0,0,1,0,0,0,0,1,0,0,0,0,1,0,0,0,1,0,1,0,0,0,0,0,0
BRUNEI,Asia,South-Eastern Asia,32,19,13,1,18,3,1,0,0,7,2,0,0,0,0,0,0,0,7,0,0,0,0,1,0,0,0,0,0,0,2,0,0,0,1,0,0,4,2,0,0,0,0,0,0,0,0,1,0,0,11,1,0,0,1,0,0,0,0,0,0,0,0,0,0,1,0,0,0
BULGARIA,Europe,Eastern Europe,614,299,314,43,320,78,1,0,26,95,28,1,2,20,0,4,2,5,78,6,19,3,5,34,15,0,0,7,1,41,4,4,0,6,62,11,4,14,6,15,0,7,0,12,0,0,4,19,1,5,91,6,6,2,29,0,2,4,1,8,27,4,17,0,1,13,4,1,4
BURKINA FASO,Africa,Western Africa,420,245,175,63,155,19,1,0,88,85,3,0,1,5,0,1,3,0,8,4,3,10,4,20,45,0,0,6,0,5,3,1,3,1,13,17,0,3,20,4,0,0,1,7,0,19,0,16,1,0,58,9,13,5,16,0,1,1,4,1,54,0,12,0,1,4,21,2,0
BURMA,Asia,South-Eastern Asia,3383,1734,1649,1214,1180,140,0,0,108,390,264,4,7,76,0,20,2,25,1382,19,10,16,1,112,30,0,5,60,5,109,69,53,34,4,178,49,4,35,85,30,0,2,0,23,3,7,8,10,5,5,426,31,43,47,76,0,2,6,0,12,125,12,43,0,4,126,29,1,0
BURUNDI,Africa,Eastern Africa,212,106,106,25,138,7,0,0,3,27,4,0,0,8,0,4,0,2,10,1,3,0,0,4,3,0,0,4,3,22,1,9,5,0,14,2,2,0,38,5,0,0,0,4,0,0,3,1,0,0,11,1,6,1,12,0,1,0,0,2,14,3,4,0,2,13,2,0,0
CAMBODIA,Asia,South-Eastern Asia,1060,511,549,226,484,41,5,0,33,174,25,1,11,60,0,2,4,22,256,9,7,3,0,17,15,0,2,22,6,31,7,2,16,5,104,5,9,6,38,10,0,2,1,14,0,2,5,7,0,3,49,24,5,25,64,0,9,5,0,8,88,15,22,0,1,103,10,0,0
CAMEROON,Africa,Central Africa,1104,585,518,147,449,173,0,0,17,265,23,0,1,29,1,15,9,18,55,8,6,19,8,31,74,0,0,19,7,33,20,16,14,18,60,55,0,23,57,19,0,10,3,30,17,9,2,26,16,1,64,24,45,8,47,0,6,4,2,14,126,8,30,0,2,12,9,4,0
CANADA,North America,Northern America,31428,15899,15505,1821,14570,5771,36,0,64,5530,1747,207,162,1520,50,172,62,475,3923,246,707,257,43,1357,472,0,184,263,298,1284,471,182,152,163,2772,401,275,1943,424,480,0,131,100,544,440,124,278,576,81,66,5509,602,182,450,1478,0,319,220,46,348,943,366,406,0,192,466,314,129,48
CAPE VERDE,Africa,Western Africa,71,31,40,18,30,1,1,0,6,11,3,0,0,1,0,0,0,0,2,1,1,0,0,5,0,0,0,1,2,0,1,0,0,0,29,2,0,5,0,0,0,0,0,0,0,0,0,0,1,0,6,3,0,1,3,0,4,0,0,2,1,1,0,0,0,0,0,0,0
CAYMAN ISLANDS,North America,Caribbean,191,99,92,13,136,1,1,0,0,14,0,1,1,24,0,4,0,2,8,3,0,1,0,73,9,0,0,0,0,3,4,8,2,1,3,2,0,5,1,1,0,0,0,8,0,3,0,5,0,1,12,1,2,1,2,0,3,3,0,8,1,2,6,0,0,2,1,0,0
CENTRAL AFRICAN REPUBLIC,Africa,Central Africa,15,9,6,1,7,0,0,0,3,4,0,0,0,0,0,0,0,0,1,0,0,1,0,0,1,0,0,0,0,0,0,0,0,0,0,3,0,0,0,0,0,0,0,0,0,0,0,1,0,0,1,0,1,0,0,0,0,0,0,0,5,0,0,0,0,1,0,0,0
CHAD,Africa,Central Africa,67,52,15,11,16,6,1,0,15,10,3,0,0,5,0,0,2,0,7,0,0,0,0,5,2,0,0,0,0,1,0,1,1,0,3,1,0,1,3,0,0,0,0,1,0,1,0,1,0,0,13,3,1,0,1,0,0,0,0,2,10,0,3,0,0,3,0,0,1
CHILE,South America,South America,3525,2173,1351,229,937,524,15,0,735,872,102,21,17,73,0,28,6,32,455,31,21,33,3,523,64,0,11,33,57,191,58,31,25,14,274,41,8,51,25,37,0,9,2,69,2,23,8,27,10,7,406,29,17,20,91,0,10,15,0,36,140,411,59,0,7,21,36,10,3
CHINA,Asia,China,257998,134924,122881,3120,91979,52900,191,0,2368,93267,4451,32,690,9000,16,1142,264,3365,51376,1162,4365,3306,926,5109,6214,0,267,1366,127,13236,4958,686,526,918,21928,6857,449,7429,2770,4677,0,207,41,5688,98,512,743,5884,193,295,44561,7320,577,1176,16522,0,1758,1019,91,1631,8229,1561,4150,0,240,7336,4354,154,62
CHRISTMAS ISLAND,Australia&Pacific Islands,Oceania,0,0,0,0,0,0,0,0,0,0,0,0,0,0,0,0,0,0,0,0,0,0,0,0,0,0,0,0,0,0,0,0,0,0,0,0,0,0,0,0,0,0,0,0,0,0,0,0,0,0,0,0,0,0,0,0,0,0,0,0,0,0,0,0,0,0,0,0,0
COLOMBIA,South America,South America,16983,7799,9173,1502,3084,1667,76,2,6807,2981,512,50,33,269,4,79,42,75,1344,208,107,403,70,3758,454,0,7,105,54,602,275,107,113,137,862,144,15,152,126,211,0,72,4,238,10,67,26,716,43,52,2485,163,118,51,327,0,20,71,15,125,972,928,419,0,3,129,89,68,11
COMOROS,Africa,Eastern Africa,8,5,3,0,2,1,0,0,2,2,1,0,0,0,0,0,0,0,1,1,0,0,0,0,0,0,0,0,0,0,0,0,0,0,0,0,0,0,0,0,0,0,0,0,1,0,0,0,0,0,2,0,0,0,0,0,0,1,0,1,0,0,0,0,0,1,0,0,0
CONGO (BRAZZAVILLE),Africa,Central Africa,159,68,90,33,49,6,0,0,39,26,3,0,0,3,0,0,0,0,11,3,0,2,0,8,6,0,0,7,4,3,2,2,4,0,6,12,0,2,2,3,0,0,0,15,0,0,0,2,0,1,15,1,3,0,4,0,0,0,0,1,18,10,4,0,0,2,5,0,1
CONGO (KINSHASA),Africa,Central Africa,2357,1322,1034,467,870,60,3,0,451,298,33,3,13,159,0,65,18,29,101,11,15,35,2,83,122,0,0,49,13,75,33,61,68,7,55,34,33,78,86,24,0,4,3,67,3,48,4,22,2,4,55,41,9,28,58,0,1,4,34,25,189,302,65,0,7,255,23,7,0
COSTA RICA,North America,Central America,1555,828,724,92,751,238,11,0,86,275,37,4,6,55,0,11,32,14,112,18,18,22,2,183,72,0,2,23,8,44,73,38,25,26,103,12,5,24,25,16,0,7,2,38,3,4,7,22,4,4,116,34,15,12,66,0,7,16,0,28,132,30,40,0,4,17,17,9,1
COTE D'IVOIRE,Africa,Western Africa,1405,760,645,209,546,68,0,0,168,358,37,0,6,13,0,8,56,9,78,8,10,17,3,30,57,0,1,17,19,12,18,15,21,31,41,28,8,12,145,12,0,2,1,43,5,11,4,36,3,3,100,25,42,10,34,0,3,6,2,7,281,62,35,0,1,20,7,5,1
CROATIA,Europe,Southern Europe,490,242,248,19,265,58,0,0,8,108,11,1,0,20,1,2,6,6,46,8,5,6,1,27,7,0,2,6,4,33,11,4,7,7,28,8,3,5,5,7,0,3,1,14,1,2,5,9,2,3,79,15,12,2,19,0,3,7,2,8,34,6,9,0,2,2,0,4,1
CUBA,North America,Caribbean,105,45,60,4,19,24,0,0,23,24,8,0,0,3,0,2,0,1,5,0,2,0,1,37,6,0,0,2,0,4,1,1,1,0,5,3,0,3,0,2,0,3,0,1,0,0,0,1,1,0,5,0,0,0,0,0,1,0,1,1,12,0,0,0,1,0,0,0,0
CURACAO,North America,Caribbean,113,66,47,9,73,3,2,0,1,13,0,0,2,10,0,1,3,0,2,0,0,0,0,28,3,0,0,0,0,1,0,1,0,2,3,1,0,0,0,6,0,2,0,7,0,36,0,1,0,0,6,1,1,0,1,0,0,1,0,3,1,1,1,0,0,0,0,0,0
CYPRUS,Asia,Western Asia,409,244,165,10,218,71,1,0,3,84,11,1,0,10,0,5,2,8,61,1,4,9,1,27,11,0,0,3,0,13,14,3,4,5,42,9,0,4,4,2,0,1,0,7,2,1,1,9,0,0,82,8,0,4,20,0,6,2,1,3,15,2,6,0,1,2,4,0,0
CZECH REPUBLIC,Europe,Eastern Europe,952,484,468,69,469,67,1,0,28,133,32,6,13,134,5,20,3,11,114,23,18,9,5,106,21,0,13,2,4,31,17,11,11,3,51,10,20,35,16,11,0,8,2,27,2,6,12,9,2,2,104,18,7,3,38,0,8,15,6,10,36,4,16,0,7,11,24,4,0
DENMARK,Europe,Northern Europe,978,501,477,55,507,72,1,0,41,145,70,10,1,76,1,4,10,5,219,12,18,15,3,58,27,0,27,18,5,11,16,6,11,14,52,5,9,15,6,11,0,4,3,37,1,8,2,20,3,3,121,14,15,8,23,0,5,17,1,14,43,10,12,0,7,12,8,7,2
DJIBOUTI,Africa,Eastern Africa,5,2,3,1,1,0,0,0,2,1,0,0,0,0,0,0,0,0,0,0,0,0,0,0,0,0,0,0,0,0,0,0,0,0,0,0,1,0,1,0,0,0,0,0,0,0,0,0,0,0,3,0,0,0,0,0,0,0,0,0,0,0,0,0,0,0,0,0,0
DOMINICA,North America,Caribbean,529,171,358,23,331,46,0,0,5,113,0,0,0,11,1,3,11,4,16,2,1,4,2,41,12,0,1,2,0,9,3,5,1,104,10,11,1,2,2,2,0,2,0,4,1,0,1,4,0,0,53,6,3,1,6,0,1,1,1,2,168,2,6,0,0,0,6,1,0
DOMINICAN REPUBLIC,North America,Caribbean,2658,1559,1099,359,1159,74,6,0,346,310,58,7,8,331,0,102,6,18,43,13,33,34,8,465,92,0,0,37,18,87,42,40,19,12,292,19,6,78,17,61,0,3,3,53,2,26,7,68,9,1,314,27,48,4,90,0,40,32,4,30,85,153,35,0,6,9,11,8,2
ECUADOR,South America,South America,4441,2249,2191,481,1488,396,18,0,1045,728,226,9,6,44,1,31,8,35,269,47,48,53,14,860,98,0,11,46,41,169,84,34,44,54,223,37,8,43,42,63,0,12,5,99,2,21,6,213,14,10,611,72,24,22,121,0,12,26,7,19,221,350,80,0,2,36,48,18,4
EGYPT,Africa,Northern Africa,4067,2887,1177,212,1306,1434,41,0,168,765,90,3,3,45,0,40,22,95,410,34,58,39,8,327,69,0,7,118,14,158,124,32,67,54,237,57,5,112,99,57,0,30,3,104,23,27,13,109,17,10,375,170,29,22,218,0,11,22,20,51,272,28,144,0,3,53,44,11,14
EL SALVADOR,North America,Central America,1237,604,633,131,644,65,6,0,114,219,23,1,4,30,0,13,44,10,114,9,9,20,0,150,39,0,2,14,11,54,48,7,12,25,72,13,8,12,20,20,0,3,0,31,0,4,2,11,1,1,81,18,34,6,33,0,10,4,0,9,143,47,49,0,2,7,9,0,0
EQUATORIAL GUINEA,Africa,Central Africa,347,153,194,63,94,3,1,0,164,18,0,0,0,4,0,6,1,2,13,0,1,4,0,5,9,0,0,1,0,4,0,1,0,1,6,2,0,2,4,0,0,0,0,3,0,0,0,0,0,1,4,2,0,4,15,0,0,0,0,0,242,1,8,0,0,4,1,0,0
ERITREA,Africa,Eastern Africa,139,90,49,3,11,17,0,0,2,102,1,0,0,3,0,0,1,0,6,1,6,0,0,10,0,0,0,76,1,0,0,0,0,0,0,1,0,2,0,2,0,1,0,1,1,0,0,0,6,0,6,4,1,2,1,0,1,0,0,0,3,0,3,0,0,3,0,0,0
ESTONIA,Europe,Northern Europe,201,105,96,8,125,18,1,0,3,29,8,1,0,8,3,2,1,3,38,0,2,1,0,18,3,0,1,1,1,4,3,1,0,0,17,1,2,4,4,2,0,0,0,2,1,2,1,2,0,1,23,1,4,0,11,0,2,3,3,7,14,0,4,0,2,3,2,0,1
ETHIOPIA,Africa,Eastern Africa,3678,1844,1833,268,2093,370,0,0,19,747,24,0,6,151,0,17,16,47,160,48,56,63,4,54,130,0,1,330,18,140,53,26,103,4,155,96,10,112,612,105,0,33,7,56,10,40,8,22,6,14,180,130,23,15,151,0,10,12,118,45,147,6,148,0,2,80,38,15,2
FAROE ISLANDS,Europe,Northern Europe,2,0,2,0,2,0,0,0,0,0,0,0,0,0,0,0,0,0,0,0,0,0,0,1,0,0,0,0,0,0,0,0,0,0,0,0,0,0,1,0,0,0,0,0,0,0,0,0,0,0,0,0,0,0,0,0,0,0,0,0,0,0,0,0,0,0,0,0,0
FIJI,Australia&Pacific Islands,Melanesia,62,33,29,10,26,5,1,0,0,7,4,2,0,7,0,0,1,0,9,0,0,1,0,6,0,0,5,3,0,1,0,2,0,0,6,3,0,2,0,0,0,0,2,1,0,0,0,0,0,0,5,2,0,2,1,0,0,3,1,0,1,4,0,0,0,1,0,0,0
FINLAND,Europe,Northern Europe,545,273,272,29,301,38,0,0,9,78,24,9,3,54,1,9,2,6,64,9,10,0,3,25,15,0,5,3,5,14,7,4,2,6,36,5,3,16,12,10,0,4,0,17,1,1,6,11,2,3,72,7,8,4,27,0,8,4,1,12,23,8,23,0,10,4,9,7,1
FRANCE,Europe,Western Europe,9279,4909,4364,624,2840,845,49,0,853,2408,1095,64,16,485,3,88,42,143,2128,63,81,98,19,678,227,0,59,53,28,347,100,84,49,87,685,74,42,107,52,107,0,30,9,539,3,24,31,119,27,25,1713,109,59,49,223,0,43,78,7,50,285,122,89,0,17,77,52,37,9
FRENCH GUIANA,South America,South America,2,0,2,0,0,0,0,0,0,1,0,0,0,1,0,0,0,0,0,0,0,0,0,0,0,0,0,0,0,0,0,0,0,0,0,0,0,0,0,0,0,0,0,0,0,0,0,0,0,0,1,0,1,0,0,0,0,0,0,0,0,0,0,0,0,0,0,0,0
FRENCH POLYNESIA,Australia&Pacific Islands,Polynesia,19,11,8,0,17,0,0,0,0,0,0,0,0,2,0,0,0,0,2,0,0,0,0,0,0,0,13,0,0,0,0,0,0,0,0,0,0,0,0,0,0,0,0,0,0,0,0,0,0,0,0,0,0,0,0,0,0,0,0,0,0,4,0,0,0,0,0,0,0
GABON,Africa,Central Africa,322,148,174,69,114,11,0,0,77,35,12,0,0,4,0,2,0,1,14,2,0,9,1,9,12,0,0,1,0,5,6,2,1,7,11,20,1,1,5,0,0,0,0,5,1,4,0,2,0,0,26,3,10,4,9,0,0,0,1,7,130,1,6,0,0,1,0,2,0
"GAMBIA, THE",Africa,Western Africa,355,217,137,71,98,34,0,0,4,140,2,0,0,6,0,2,2,2,8,3,13,5,0,7,12,0,0,9,2,31,6,0,7,2,8,9,2,12,37,9,0,2,0,6,2,7,1,5,0,0,29,36,3,1,8,0,1,1,2,2,32,3,4,0,1,9,11,1,0
GAZA STRIP,Asia,Western Asia,129,88,41,7,62,29,0,0,8,19,3,0,0,1,0,2,2,3,12,2,0,1,0,8,2,0,0,3,2,4,1,2,1,0,9,3,0,8,1,1,0,1,0,2,1,1,0,2,0,0,10,6,2,2,5,0,0,0,0,2,7,2,10,0,1,4,1,3,0
GEORGIA,Asia,Western Asia,890,446,443,48,416,117,1,0,35,223,20,0,1,29,0,2,3,6,123,4,11,23,0,34,24,0,0,8,0,51,18,7,5,6,77,7,4,12,11,12,0,2,0,14,2,1,6,22,2,1,232,19,1,7,56,0,5,4,1,6,13,4,28,0,3,7,2,3,1
GERMANY,Europe,Western Europe,8906,4730,4171,577,3336,1184,40,0,265,1697,584,127,29,1067,10,113,41,132,1763,103,171,69,19,704,202,0,150,109,43,286,123,78,73,59,633,75,77,168,71,169,0,48,27,302,8,52,51,152,45,17,1000,184,64,106,300,0,41,148,14,125,247,72,131,0,31,103,136,50,10
GHANA,Africa,Western Africa,7260,4815,2443,228,1511,2059,5,0,16,3253,69,3,10,106,4,125,77,192,223,62,134,113,54,218,213,0,2,121,80,438,199,76,79,115,371,139,59,327,168,294,0,85,39,231,79,48,45,133,109,26,380,614,93,33,240,0,17,53,64,184,437,75,175,0,34,48,77,26,32
GIBRALTAR,Europe,Southern Europe,4,2,2,0,3,0,0,0,0,1,0,0,0,0,0,0,0,0,0,0,0,1,0,0,0,0,0,0,0,0,0,0,0,0,0,0,0,0,0,0,0,0,0,0,0,0,0,0,0,0,1,1,0,0,0,0,0,0,0,1,0,0,0,0,0,0,0,0,0
GREECE,Europe,Southern Europe,2366,1331,1034,71,883,843,1,0,14,480,55,4,0,15,0,18,4,14,277,4,52,40,19,111,56,0,3,21,2,155,49,9,15,9,331,54,6,54,36,12,0,4,2,42,0,6,14,78,4,3,414,39,10,5,127,0,29,9,3,31,100,4,45,0,4,11,25,4,2
GREENLAND,North America,Northern America,2,0,2,0,1,0,0,0,1,0,0,0,0,0,0,0,0,0,0,0,0,0,0,0,0,0,1,0,0,0,0,0,0,0,1,0,0,0,0,0,0,0,0,0,0,0,0,0,0,0,0,0,0,0,0,0,0,0,0,0,0,0,0,0,0,0,0,0,0
GRENADA,North America,Caribbean,205,96,109,29,99,21,1,0,2,39,11,0,0,3,0,1,2,4,5,4,1,4,0,13,3,0,0,1,0,23,9,6,1,4,4,5,3,2,2,3,0,0,0,2,0,0,0,1,2,0,40,1,0,0,10,0,0,4,0,5,33,0,3,0,0,2,0,1,0
GUADELOUPE,North America,Caribbean,1,1,0,0,1,0,0,0,0,0,0,0,0,0,0,0,0,0,0,0,0,0,0,0,0,0,0,0,0,0,0,0,0,0,0,0,0,0,0,0,0,0,0,0,0,0,0,0,0,0,0,0,0,0,0,0,0,0,0,0,0,0,0,0,0,1,0,0,0
GUATEMALA,North America,Central America,1367,752,615,82,734,120,8,0,76,223,35,6,10,73,1,27,36,17,89,12,19,14,1,157,71,0,5,12,26,63,60,11,18,22,105,9,3,28,23,14,0,8,1,23,2,9,1,9,3,1,83,28,13,4,62,0,8,8,2,13,115,70,32,0,5,9,6,3,3
GUERNSEY,Europe,Northern Europe,2,2,0,0,2,0,0,0,0,0,0,0,0,0,0,0,0,0,0,0,0,0,0,0,0,0,0,0,0,0,0,0,0,0,0,0,0,0,0,0,0,0,0,0,0,0,0,0,0,0,1,0,0,0,0,0,0,0,0,1,0,0,0,0,0,0,0,0,0
GUINEA,Africa,Western Africa,96,74,21,19,41,2,0,0,12,17,1,0,0,4,1,0,1,1,6,1,0,3,0,2,7,0,0,2,0,2,0,2,1,0,9,2,0,1,3,6,0,0,0,2,0,0,0,2,0,0,20,2,1,1,2,0,0,0,0,0,6,3,3,0,0,4,0,0,0
GUINEA-BISSAU,Africa,Western Africa,14,8,6,1,6,1,0,0,4,0,2,0,0,0,0,3,0,1,3,0,0,0,0,0,0,0,0,0,0,0,0,0,0,1,0,0,0,0,1,0,0,0,0,0,0,0,0,0,0,0,0,1,0,0,0,0,0,0,1,0,2,1,0,0,0,0,0,0,0
GUYANA,South America,South America,429,160,269,80,212,34,5,0,9,69,7,6,3,4,0,5,1,4,10,3,4,10,2,72,8,0,0,4,6,5,4,3,1,2,8,8,0,7,2,9,0,6,0,4,1,2,0,20,3,0,155,7,5,1,10,0,0,1,1,4,11,8,4,0,2,3,2,0,0
HAITI,North America,Caribbean,1027,601,426,192,494,74,0,0,40,169,18,2,9,29,0,12,77,5,25,6,10,7,2,255,29,0,0,39,6,17,18,12,19,11,59,10,6,19,11,25,0,2,7,25,1,3,1,12,4,0,86,18,14,2,25,0,5,22,4,17,19,14,22,0,1,4,10,4,0
HONDURAS,North America,Central America,2803,1304,1498,311,1443,185,3,0,280,478,62,3,3,35,0,35,61,12,91,16,12,27,1,426,107,0,1,38,23,67,76,26,24,168,115,18,1,48,18,45,0,49,0,95,8,9,4,31,7,4,140,53,40,5,68,0,2,11,10,131,374,165,67,0,3,21,13,4,1
HONG KONG,Asia,Eastern Asia,5860,3164,2694,356,2830,659,0,0,63,1155,173,16,85,523,0,10,2,65,1571,25,136,47,6,80,196,0,51,12,51,263,106,13,8,10,607,83,10,135,55,43,0,1,2,66,3,3,45,67,7,20,844,75,7,31,263,0,49,6,1,16,104,115,54,0,12,420,60,2,1
HUNGARY,Europe,Eastern Europe,902,436,465,70,452,94,3,0,38,142,25,5,6,67,0,4,6,11,147,10,21,10,1,97,23,0,12,4,2,26,22,11,10,3,58,10,11,19,12,24,0,3,0,24,0,5,2,15,4,10,107,17,8,5,29,0,5,9,5,19,22,6,24,0,4,3,13,8,1
ICELAND,Europe,Northern Europe,373,175,198,11,230,28,1,0,0,86,9,4,0,4,0,4,1,6,49,6,8,4,4,30,22,0,0,5,1,7,12,6,6,3,23,5,3,4,3,11,0,4,2,19,1,0,3,4,1,0,46,5,4,3,13,0,1,7,1,5,14,1,6,0,1,4,4,1,0
INDIA,Asia,Southern Asia,276486,172501,103894,2211,31733,25315,602,0,1114,213420,1815,70,12,194,22,2946,1827,9906,25193,2427,6598,1330,1676,8153,6446,0,33,1047,164,16994,8471,2708,9961,775,20413,5082,112,10833,2419,11243,0,613,60,5814,218,617,2892,9916,300,177,26655,10851,1703,1073,10395,0,504,1455,433,2382,32382,847,4972,0,79,2409,2680,226,43
INDONESIA,Asia,South-Eastern Asia,7192,3852,3338,704,4071,516,22,0,93,1392,315,6,3,70,1,33,17,70,2213,57,30,49,7,115,154,0,14,53,5,389,211,50,30,17,604,68,4,233,97,37,0,12,5,53,4,10,20,35,9,6,627,49,31,170,175,0,87,24,4,21,219,46,63,0,4,852,94,4,8
IRAN,Asia,Southern Asia,10526,5503,5022,98,414,7785,0,0,57,2066,83,0,0,23,1,176,61,248,1131,143,122,58,68,490,209,0,21,190,34,502,189,124,106,192,530,213,43,334,119,178,0,52,24,235,53,95,56,209,106,133,630,378,188,113,519,0,34,154,27,132,1033,136,376,0,28,123,142,48,20
IRAQ,Asia,Western Asia,378,268,110,18,120,133,1,0,15,74,12,0,0,5,0,2,11,6,24,5,8,8,1,15,3,0,0,7,9,7,7,5,5,3,17,1,4,17,9,22,0,2,0,11,1,6,2,3,7,0,16,25,8,10,23,0,2,1,0,3,28,3,18,0,1,6,4,1,1
IRELAND,Europe,Northern Europe,1287,778,508,68,633,150,4,0,0,324,79,3,1,25,0,19,4,9,105,12,39,10,2,60,25,0,1,26,6,41,65,22,24,17,117,10,5,34,9,25,0,15,4,48,2,7,7,34,5,2,165,24,20,7,76,0,13,7,5,41,61,1,18,0,1,13,14,7,3
ISLE OF MAN,Europe,Northern Europe,4,2,2,0,2,0,1,0,0,1,0,0,0,0,0,0,0,0,0,0,0,0,0,1,0,0,0,1,0,0,0,0,0,0,0,0,0,0,0,0,0,0,0,1,0,0,0,1,0,0,0,0,0,0,0,0,0,0,0,0,0,0,0,0,0,0,0,0,0
ISRAEL,Asia,Western Asia,2504,1713,790,133,856,304,40,0,79,426,588,14,3,61,0,11,2,21,265,18,40,21,1,194,33,0,5,11,1,74,22,7,9,5,197,63,6,27,17,9,0,3,2,27,1,3,2,62,14,4,1052,21,2,13,95,0,8,8,0,8,52,9,23,0,1,14,9,10,2
ITALY,Europe,Southern Europe,7777,4246,3527,450,2442,1347,61,1,438,1659,376,27,8,968,3,32,23,205,1164,56,120,84,10,848,135,0,24,44,27,360,118,62,67,39,758,76,55,146,58,130,0,23,9,219,11,26,33,219,22,19,1220,107,53,39,265,0,58,49,12,51,262,102,101,0,15,81,78,43,8
JAMAICA,North America,Caribbean,3838,1496,2341,717,2047,327,10,0,9,624,36,4,4,60,2,65,50,19,89,22,76,206,25,760,127,0,1,44,36,67,45,67,27,40,105,92,35,72,40,89,0,55,1,115,9,14,15,126,27,5,519,71,22,7,133,0,19,123,16,56,165,15,70,0,4,12,16,17,3
JAPAN,Asia,Eastern Asia,16797,8634,8161,2257,5568,930,304,0,2936,2333,1213,98,70,1088,1,82,174,308,4834,78,163,114,14,525,151,0,1072,159,46,456,189,194,98,17,859,102,37,187,271,206,0,29,17,149,105,185,60,141,28,104,2080,339,95,450,445,0,58,27,11,123,413,247,114,0,43,925,184,52,22
JERSEY,Europe,Northern Europe,5,2,3,0,3,0,0,0,0,2,0,0,0,0,0,0,0,0,1,0,1,0,0,0,1,0,0,0,0,0,0,0,1,0,0,0,0,0,0,0,0,0,0,0,0,0,0,0,0,0,0,0,0,0,1,0,0,0,0,0,0,0,0,0,0,0,0,0,0
JORDAN,Asia,Western Asia,3382,2540,842,280,769,793,2,0,473,924,129,2,1,9,0,34,14,41,415,15,29,70,10,171,42,0,0,91,7,289,96,33,35,38,129,19,4,154,35,35,0,31,2,71,7,28,18,72,33,3,246,142,29,15,110,0,9,12,7,32,351,36,219,0,6,31,56,5,5
KAZAKHSTAN,Asia,Central Asia,3056,1517,1538,148,1066,305,10,0,446,833,104,2,3,139,1,12,10,64,539,41,22,41,5,253,34,0,2,19,7,155,65,13,11,6,355,23,9,40,21,14,0,9,0,40,1,4,14,128,4,2,510,46,13,15,142,0,12,5,3,17,126,37,63,0,7,55,36,3,2
KENYA,Africa,Eastern Africa,4977,2487,2488,844,2084,560,5,0,13,1289,60,6,6,110,5,135,37,75,297,40,92,44,29,139,134,0,4,91,18,221,94,112,62,78,276,82,16,169,284,201,0,27,6,163,11,29,54,93,34,9,251,155,128,37,233,0,27,33,33,107,306,28,127,0,19,236,62,26,6
KIRIBATI,Australia&Pacific Islands,Micronesia,7,7,0,0,1,1,0,0,0,5,0,0,0,0,0,0,0,0,0,4,0,0,0,0,0,0,0,0,0,0,0,0,0,0,0,0,0,0,0,0,0,0,0,0,0,0,0,0,0,0,0,1,0,0,0,0,0,0,0,0,0,2,0,0,0,0,0,0,0
KOSOVO,Europe,Southern Europe,210,98,112,19,111,24,0,0,10,42,2,0,0,2,0,0,1,2,17,4,5,2,0,6,5,0,1,12,1,15,3,1,3,3,14,0,1,6,2,2,0,1,0,5,0,2,3,4,0,2,47,2,0,0,7,0,2,1,0,1,14,0,8,0,1,2,2,0,0
KUWAIT,Asia,Western Asia,5087,3900,1184,116,3386,253,19,0,529,581,200,0,0,3,0,59,0,475,757,609,104,61,6,375,17,0,0,21,6,48,44,77,20,2,223,22,7,192,11,108,0,2,7,73,0,22,0,165,10,0,146,209,111,218,312,0,6,5,0,8,157,11,250,0,1,17,7,97,9
KYRGYZSTAN,Asia,Central Asia,1045,573,470,184,365,27,0,0,126,228,97,2,2,14,0,5,3,22,233,3,4,15,2,62,7,0,0,3,1,166,11,0,10,3,27,7,1,8,2,8,0,3,1,5,1,2,1,15,0,1,71,13,2,8,46,0,0,1,1,1,126,1,27,0,1,108,4,3,0
LAOS,Asia,South-Eastern Asia,162,81,80,31,66,2,0,0,29,14,3,3,2,12,0,0,1,2,48,0,4,0,0,6,3,0,2,4,0,6,0,0,0,2,3,2,2,2,15,2,0,0,0,0,0,0,0,0,0,4,5,0,1,4,1,0,0,0,0,8,18,4,3,0,0,5,4,1,0
LATVIA,Europe,Northern Europe,314,150,164,22,164,22,2,0,6,57,8,0,0,33,4,5,0,6,43,4,6,3,2,33,5,0,0,3,2,14,6,3,2,5,20,4,3,5,3,3,0,0,0,7,5,1,5,8,0,1,38,4,1,0,13,0,2,3,0,3,21,1,8,0,2,3,2,2,0
LEBANON,Asia,Western Asia,1987,1188,798,118,523,608,2,0,20,651,48,0,0,17,0,7,3,31,232,9,25,36,3,92,62,0,0,19,3,85,49,18,20,13,210,15,5,152,22,18,0,2,2,31,6,2,10,38,6,13,202,75,15,12,108,0,8,26,1,21,167,9,70,0,6,15,8,5,0
LESOTHO,Africa,Southern Africa,70,38,32,6,37,12,0,0,0,15,0,0,0,0,0,1,1,0,2,0,1,1,0,1,0,0,1,8,0,3,7,0,1,0,7,1,1,1,5,3,0,0,0,3,0,0,1,0,0,0,6,4,2,0,1,0,1,0,0,1,2,0,1,0,1,2,0,0,0
LIBERIA,Africa,Western Africa,311,160,151,34,143,23,0,0,0,86,3,0,4,18,0,3,1,5,17,2,7,6,5,8,10,0,2,13,2,11,7,0,7,0,19,14,1,11,30,4,0,2,0,20,3,2,0,4,1,0,18,12,3,1,27,0,0,6,0,3,9,1,6,0,1,2,4,1,0
LIBYA,Africa,Northern Africa,528,411,117,51,47,218,0,0,95,89,28,0,0,0,0,3,4,13,58,57,6,8,0,25,7,0,0,3,4,23,7,3,4,2,13,2,2,25,4,14,0,2,0,5,2,0,0,4,8,0,40,55,3,12,6,0,0,0,2,1,56,1,13,0,1,21,0,7,2
LIECHTENSTEIN,Europe,Western Europe,10,4,6,2,3,0,0,0,1,2,0,0,0,2,0,0,0,0,3,0,0,1,0,0,0,0,1,0,0,1,0,0,0,1,0,0,0,0,0,0,0,1,0,0,0,0,0,0,0,0,1,0,0,0,0,0,0,0,0,1,0,0,0,0,0,0,0,0,0
LITHUANIA,Europe,Northern Europe,397,214,183,24,203,37,2,0,11,61,6,1,0,52,0,1,0,9,43,8,16,2,0,33,11,0,0,2,2,24,6,5,4,0,38,7,5,7,4,5,0,1,0,13,0,1,1,5,2,0,56,9,4,0,17,0,2,3,0,5,19,1,12,0,2,7,3,1,1
LUXEMBOURG,Europe,Western Europe,94,55,39,4,49,8,0,0,1,20,8,0,0,4,0,0,0,7,26,0,1,0,0,4,2,0,0,1,0,0,1,0,0,0,5,1,2,2,0,1,0,0,0,8,0,0,0,1,0,1,18,5,0,0,1,0,0,1,0,1,3,0,1,0,0,0,1,0,0
MACAU,Asia,Eastern Asia,359,189,170,14,199,33,0,0,2,89,7,0,0,15,0,2,0,11,120,0,3,1,1,4,10,0,1,0,1,8,7,2,0,0,51,8,0,6,1,3,0,0,1,3,0,1,1,5,0,0,44,9,1,0,13,0,3,0,0,1,8,1,6,0,0,18,3,0,0
MACEDONIA,Europe,Southern Europe,263,134,129,19,129,44,0,0,7,53,4,0,0,7,0,1,0,2,18,8,1,1,0,14,4,0,0,2,2,27,4,2,0,0,24,2,1,16,5,5,0,4,0,4,0,2,2,9,1,0,33,12,1,5,12,0,1,2,0,9,12,3,1,0,1,4,4,2,0
MADAGASCAR,Africa,Eastern Africa,266,136,130,56,86,29,0,0,9,51,30,1,0,4,0,1,1,6,53,0,0,0,0,4,1,0,0,1,5,14,6,2,5,3,7,5,1,26,3,0,0,1,1,3,0,2,1,0,4,0,13,4,3,1,12,0,2,4,1,1,21,9,14,0,1,23,1,0,0
MALAWI,Africa,Eastern Africa,470,229,241,76,146,65,0,0,4,162,6,0,0,11,0,10,5,12,24,9,10,4,3,10,8,0,0,6,6,11,18,6,6,2,20,11,4,43,11,13,0,4,0,5,2,41,1,4,3,1,19,38,10,7,22,0,1,4,2,4,20,2,7,0,1,10,6,3,1
MALAYSIA,Asia,South-Eastern Asia,4786,2635,2148,131,3059,490,3,0,19,958,71,12,11,32,0,12,27,89,831,48,44,15,9,93,80,0,11,221,16,198,172,108,40,23,225,52,10,316,171,73,0,8,1,47,13,119,11,57,4,5,318,206,99,61,215,0,16,11,17,20,158,32,56,0,4,168,240,12,3
MALDIVES,Asia,Southern Asia,29,15,14,0,14,1,7,0,0,5,1,0,0,1,0,0,0,0,1,0,1,0,0,3,0,0,0,2,0,2,0,0,0,0,1,1,1,0,2,0,0,0,0,0,0,0,0,0,0,0,1,0,3,0,3,0,0,0,0,0,7,0,0,0,1,0,0,0,0
MALI,Africa,Western Africa,351,216,135,68,142,12,0,0,50,61,5,0,1,12,0,4,1,4,13,0,1,5,10,15,17,0,0,4,0,6,5,6,4,1,9,14,8,7,10,7,0,0,0,7,1,4,1,11,0,1,44,12,3,4,27,0,0,0,0,2,49,16,8,0,0,5,2,1,1
MALTA,Europe,Southern Europe,85,49,36,2,52,7,0,0,0,12,7,0,0,5,0,1,0,1,14,2,1,1,0,2,6,0,1,0,0,5,1,1,0,0,12,0,0,0,2,0,0,1,0,2,0,0,0,3,0,0,20,1,0,2,2,0,1,0,0,1,0,0,2,0,0,0,0,0,0
MARSHALL ISLANDS,Australia&Pacific Islands,Micronesia,0,0,0,0,0,0,0,0,0,0,0,0,0,0,0,0,0,0,0,0,0,0,0,0,0,0,0,0,0,0,0,0,0,0,0,0,0,0,0,0,0,0,0,0,0,0,0,0,0,0,0,0,0,0,0,0,0,0,0,0,0,0,0,0,0,0,0,0,0
MARTINIQUE,North America,Caribbean,4,2,2,0,3,0,0,0,0,1,0,0,0,0,0,1,0,0,0,0,0,0,0,0,0,0,0,0,0,0,0,0,0,0,0,0,0,0,0,0,0,0,0,2,0,0,0,0,0,0,1,0,0,0,0,0,0,0,0,0,0,0,0,0,0,0,0,0,0
MAURITANIA,Africa,Western Africa,47,38,9,5,19,4,1,0,2,14,2,0,0,0,0,0,0,1,2,0,0,2,0,2,0,0,0,7,0,2,0,0,7,0,0,0,0,1,1,1,0,0,0,4,0,0,0,0,0,0,1,4,0,0,1,0,0,0,0,0,3,0,7,0,0,0,0,1,0
MAURITIUS,Africa,Eastern Africa,272,122,150,9,152,41,1,0,3,64,2,0,0,0,0,1,0,4,26,1,8,4,1,19,3,0,0,4,1,14,7,1,2,1,22,3,2,4,6,2,0,1,0,5,0,1,3,4,0,0,36,5,3,3,48,0,0,0,4,2,9,3,4,0,2,1,1,1,0
MAYOTTE,Africa,Eastern Africa,0,0,0,0,0,0,0,0,0,0,0,0,0,0,0,0,0,0,0,0,0,0,0,0,0,0,0,0,0,0,0,0,0,0,0,0,0,0,0,0,0,0,0,0,0,0,0,0,0,0,0,0,0,0,0,0,0,0,0,0,0,0,0,0,0,0,0,0,0
MEXICO,North America,Central America,16851,8733,8114,1450,6010,1746,137,1,1509,2975,441,87,744,1751,2,60,82,607,2040,175,248,137,11,884,263,0,24,84,184,628,282,88,54,72,968,107,123,242,122,143,0,39,7,159,11,55,61,149,361,47,1277,150,115,87,359,0,101,59,11,85,4683,770,157,0,44,150,197,40,16
"MICRONESIA, FEDERATED STATES OF",Australia&Pacific Islands,Micronesia,0,0,0,0,0,0,0,0,0,0,0,0,0,0,0,0,0,0,0,0,0,0,0,0,0,0,0,0,0,0,0,0,0,0,0,0,0,0,0,0,0,0,0,0,0,0,0,0,0,0,0,0,0,0,0,0,0,0,0,0,0,0,0,0,0,0,0,0,0
MOLDOVA,Europe,Eastern Europe,196,92,104,18,85,19,1,0,20,32,9,0,1,11,0,0,0,1,19,2,2,0,0,8,3,0,0,6,2,15,4,1,2,4,23,1,1,12,3,3,0,3,0,6,1,1,0,3,1,0,22,6,2,2,5,0,0,3,0,4,9,4,6,0,0,4,1,1,0
MONACO,Europe,Western Europe,15,4,11,2,3,2,0,0,0,5,2,1,0,0,0,0,0,1,4,0,0,1,0,1,0,0,0,0,0,1,0,0,1,0,2,0,0,0,0,0,0,0,0,0,0,0,0,0,0,0,2,0,0,0,0,0,0,0,0,1,0,0,0,0,0,0,1,0,0
MONGOLIA,Asia,Eastern Asia,2750,1119,1630,251,994,76,10,0,282,957,161,1,0,18,9,1,11,15,488,62,11,157,1,26,6,0,4,122,12,329,31,17,39,1,67,9,4,30,49,68,0,4,3,10,0,4,5,4,3,0,126,25,8,8,85,0,1,1,5,10,43,97,530,0,3,187,17,2,0
MONTENEGRO,Europe,Southern Europe,241,133,108,30,101,16,0,0,7,21,4,0,1,61,0,0,0,4,20,0,4,1,1,13,16,0,0,3,3,16,5,2,0,1,10,5,4,5,3,7,0,1,0,6,0,1,0,6,0,0,38,6,5,1,5,0,0,1,0,5,20,3,14,0,1,1,2,2,0
MONTSERRAT,North America,Caribbean,2,1,1,1,1,0,0,0,0,0,0,0,0,0,0,0,0,0,0,0,0,0,0,0,0,0,0,0,0,0,0,0,0,0,0,0,0,1,0,0,0,0,0,0,0,0,0,0,0,0,0,0,0,0,0,0,0,0,0,0,1,0,0,0,0,0,0,0,0
MOROCCO,Africa,Northern Africa,1908,1079,829,209,702,233,3,0,143,498,91,3,0,26,0,6,11,15,189,6,35,29,6,164,50,0,1,47,3,108,43,18,18,6,195,15,3,25,28,13,0,110,1,76,4,4,11,37,10,3,228,50,19,8,67,0,10,11,6,10,86,9,51,0,4,45,3,9,2
MOZAMBIQUE,Africa,Eastern Africa,202,103,99,30,94,21,0,0,14,27,5,0,0,11,0,2,2,5,9,2,6,2,0,18,3,0,1,4,7,9,1,9,3,4,11,7,1,1,5,4,0,0,0,5,1,0,0,2,5,0,16,3,5,0,7,0,0,1,0,3,14,8,4,0,1,7,2,0,2
NAMIBIA,Africa,Southern Africa,125,51,74,10,58,17,0,0,3,28,2,4,0,3,0,1,4,4,9,1,1,0,0,6,2,0,0,7,5,5,4,2,2,0,9,2,0,1,4,2,0,0,0,5,0,2,1,3,3,0,8,1,4,0,3,0,0,1,0,3,10,1,4,0,0,3,1,1,0
NEPAL,Asia,Southern Asia,18382,11140,7238,2105,7853,3188,75,0,200,4804,148,0,1,8,6,272,231,97,619,153,242,159,125,312,245,0,26,360,322,562,232,268,722,780,577,269,74,347,747,531,0,332,21,179,79,165,64,348,187,63,1045,944,567,59,454,0,30,88,224,230,3965,150,435,0,81,160,130,62,40
NETHERLANDS,Europe,Western Europe,2757,1338,1417,282,1366,259,14,0,156,466,106,33,0,75,1,15,15,27,381,30,41,22,10,336,61,0,34,42,8,87,32,38,36,26,147,36,7,53,36,62,0,11,4,84,9,24,22,57,13,7,312,52,35,17,109,0,13,63,9,60,103,23,47,0,3,50,25,14,3
NETHERLANDS ANTILLES,North America,Caribbean,0,0,0,0,0,0,0,0,0,0,0,0,0,0,0,0,0,0,0,0,0,0,0,0,0,0,0,0,0,0,0,0,0,0,0,0,0,0,0,0,0,0,0,0,0,0,0,0,0,0,0,0,0,0,0,0,0,0,0,0,0,0,0,0,0,0,0,0,0
NEW CALEDONIA,Australia&Pacific Islands,Melanesia,2,1,1,0,0,0,0,0,0,2,0,0,0,0,0,0,0,0,0,0,0,0,0,0,0,0,0,0,0,0,0,0,0,0,0,0,0,0,0,0,0,0,0,0,0,0,0,0,0,0,0,0,0,0,0,0,0,0,0,0,0,0,0,0,0,0,1,1,0
NEW ZEALAND,Australia&Pacific Islands,Oceania,1645,918,726,91,1000,153,2,0,1,292,38,12,10,46,2,14,9,18,293,24,38,11,4,42,34,0,18,18,8,54,38,12,13,7,134,15,5,37,12,28,0,4,8,54,1,18,8,34,10,5,212,20,17,20,88,0,28,19,5,26,62,24,22,0,4,44,12,11,1
NICARAGUA,North America,Central America,599,301,298,41,366,47,2,0,27,96,11,0,2,7,0,5,32,3,29,4,3,10,1,109,13,0,0,3,7,21,24,6,7,31,26,6,3,9,10,11,0,0,1,5,0,7,2,3,2,2,25,10,2,1,38,0,3,2,0,5,87,9,12,0,1,3,4,0,0
NIGER,Africa,Western Africa,194,118,76,44,54,12,0,0,48,27,4,0,0,5,0,0,10,1,2,1,4,0,2,9,20,0,0,1,2,7,4,0,1,0,1,6,2,1,6,1,0,1,0,20,2,2,0,12,2,0,37,4,6,1,7,0,0,0,0,3,3,0,6,0,2,5,0,0,0
NIGERIA,Africa,Western Africa,20483,11173,9305,1442,5144,4713,25,0,132,8482,301,9,13,222,8,454,259,186,899,156,326,430,118,757,919,0,2,212,176,1292,514,254,434,583,771,780,57,594,432,476,0,299,29,502,134,138,91,284,129,44,933,738,366,89,761,0,33,165,86,712,2714,120,434,0,42,163,206,149,33
NIUE,Australia&Pacific Islands,Polynesia,1,0,1,0,0,0,0,0,0,1,0,0,0,0,0,0,0,0,0,0,0,0,0,0,0,0,0,0,0,0,0,0,0,0,0,0,0,0,0,0,0,0,0,0,0,0,0,0,0,0,0,0,0,1,0,0,0,0,0,0,0,0,0,0,0,0,0,0,0
NORTH KOREA,Asia,Eastern Asia,0,0,0,0,0,0,0,0,0,0,0,0,0,0,0,0,0,0,0,0,0,0,0,0,0,0,0,0,0,0,0,0,0,0,0,0,0,0,0,0,0,0,0,0,0,0,0,0,0,0,0,0,0,0,0,0,0,0,0,0,0,0,0,0,0,0,0,0,0
NORWAY,Europe,Northern Europe,2064,1058,1006,85,1172,65,13,0,11,301,266,12,0,139,10,14,4,40,489,36,21,12,4,149,17,0,131,20,7,73,14,10,19,17,123,9,10,31,58,37,0,1,8,36,19,13,17,23,9,9,203,26,10,19,50,0,6,32,10,37,55,26,27,0,19,21,22,8,3
OMAN,Asia,Western Asia,1888,1413,473,8,1605,48,1,0,144,69,9,1,0,3,0,17,1,78,95,76,0,24,74,249,8,0,0,8,8,7,32,10,58,15,23,3,1,78,64,11,0,1,0,5,0,144,2,2,2,0,36,236,58,67,181,0,0,24,0,21,16,13,16,0,0,48,31,45,0
PAKISTAN,Asia,Southern Asia,10499,7307,3186,699,3630,1841,17,0,586,3494,205,13,3,11,4,111,36,128,789,74,129,111,31,520,368,0,3,153,18,819,297,148,185,54,680,142,28,244,229,173,0,48,8,134,23,31,62,194,50,16,1210,333,99,47,418,0,43,32,31,72,1349,81,466,0,29,113,93,32,8
PALAU,Australia&Pacific Islands,Micronesia,4,3,1,0,2,0,0,0,0,2,0,0,0,0,0,0,1,0,0,0,2,0,0,0,0,0,0,0,0,0,0,0,0,0,0,0,0,0,0,0,0,0,0,0,0,0,0,0,0,0,0,0,0,0,1,0,0,0,0,0,0,0,0,0,0,0,0,0,0
PANAMA,North America,Central America,2388,1320,1068,133,1546,76,16,0,193,279,48,3,2,92,0,21,171,13,150,25,3,63,4,456,140,0,1,20,2,52,137,29,64,65,211,21,5,17,8,41,0,7,0,29,2,9,1,14,3,1,145,5,5,16,173,0,8,9,0,11,148,20,38,0,0,13,7,3,1
PAPUA NEW GUINEA,Australia&Pacific Islands,Melanesia,119,71,48,31,42,6,2,0,1,18,10,2,1,6,0,1,2,0,5,0,0,0,0,9,1,0,3,1,3,2,0,14,4,0,0,0,3,23,1,0,0,1,0,0,0,0,0,0,1,0,2,17,5,0,8,0,0,2,0,3,5,1,1,0,0,0,1,0,0
PARAGUAY,South America,South America,688,343,345,28,407,38,3,0,81,113,13,0,0,5,1,14,1,5,44,7,12,7,0,46,10,0,1,7,2,21,11,161,6,5,60,5,1,7,5,4,0,0,0,6,1,2,4,8,7,0,57,19,7,2,18,0,3,7,1,10,24,40,15,0,4,3,1,4,0
PERU,South America,South America,6224,3168,3055,549,2274,620,61,0,1010,1412,229,12,10,47,2,19,17,68,575,57,64,74,11,1189,143,0,12,49,87,196,128,30,40,30,456,88,4,104,65,60,0,21,6,121,6,5,20,108,18,22,582,106,53,29,201,0,21,18,8,43,302,611,179,0,13,40,47,14,1
PHILIPPINES,Asia,South-Eastern Asia,5325,2266,3059,632,1447,507,39,0,1018,1312,286,7,4,73,1,19,8,40,1495,24,60,59,2,138,69,0,35,18,51,220,61,22,23,25,261,53,6,81,28,18,0,4,2,55,18,12,16,253,22,49,1296,74,23,22,108,0,16,18,3,38,172,61,93,0,7,76,37,4,1
POLAND,Europe,Eastern Europe,2152,844,1307,192,818,286,2,0,289,287,108,7,4,159,0,15,12,43,259,23,31,16,10,150,41,0,7,17,6,248,34,32,26,16,119,23,9,39,21,37,0,7,2,31,4,4,6,56,6,14,376,23,25,10,78,0,7,19,3,20,91,13,79,0,2,11,19,6,6
PORTUGAL,Europe,Southern Europe,1283,767,514,112,624,154,14,0,50,228,54,9,0,38,1,14,11,7,157,11,23,10,5,122,29,0,4,18,8,50,41,22,29,4,85,10,5,28,16,30,0,8,2,33,1,5,2,28,3,4,158,25,17,8,62,0,8,11,0,20,49,28,26,0,4,16,13,9,3
QATAR,Asia,Western Asia,353,274,78,23,225,33,5,0,11,40,15,0,0,1,0,0,2,19,58,27,5,15,1,29,2,0,0,3,0,22,0,1,2,0,13,4,4,7,2,5,0,0,0,2,0,0,0,4,0,0,14,6,3,21,10,0,0,3,0,1,16,2,43,0,0,5,0,2,0
ROMANIA,Europe,Eastern Europe,953,392,561,65,443,175,2,0,47,150,49,4,0,18,1,4,4,13,141,9,13,8,4,58,20,0,4,3,4,65,11,9,10,8,104,11,3,32,7,12,0,2,2,14,0,0,5,30,0,6,133,18,6,2,57,0,6,9,3,6,41,10,18,0,3,14,6,4,0
RUSSIA,Europe,Eastern Europe,6245,2782,3460,312,2055,1045,13,0,1115,1089,291,4,15,306,11,31,6,75,1218,49,79,50,25,678,109,0,7,23,16,320,96,38,34,20,601,61,17,103,63,71,0,9,4,90,2,14,27,123,9,14,1045,82,31,62,240,0,20,23,7,39,205,84,118,0,18,95,59,13,9
RWANDA,Africa,Eastern Africa,1545,779,766,61,850,157,1,0,4,288,21,0,2,161,1,8,64,37,74,11,30,12,7,22,35,0,0,32,12,61,42,9,30,10,97,29,24,39,72,34,0,12,2,35,2,86,15,15,6,1,82,37,68,13,83,0,5,4,5,27,98,62,35,0,12,27,17,3,1
SAINT BARTHELEMY,North America,Caribbean,0,0,0,0,0,0,0,0,0,0,0,0,0,0,0,0,0,0,0,0,0,0,0,0,0,0,0,0,0,0,0,0,0,0,0,0,0,0,0,0,0,0,0,0,0,0,0,0,0,0,0,0,0,0,0,0,0,0,0,0,0,0,0,0,0,0,0,0,0
SAINT KITTS AND NEVIS,North America,Caribbean,212,99,113,11,128,18,2,0,3,38,8,1,0,3,0,1,1,1,20,1,2,5,0,25,4,0,0,0,1,10,1,5,0,1,8,3,0,2,1,1,0,2,0,1,0,1,1,1,1,0,26,2,3,1,8,0,0,2,0,3,35,0,3,0,2,1,1,1,0
SAINT LUCIA,North America,Caribbean,262,103,158,34,139,30,2,0,0,52,0,0,0,5,0,10,2,2,6,5,1,3,2,24,7,0,0,6,1,6,0,3,1,4,12,9,1,5,4,7,0,4,0,8,0,2,1,8,0,0,51,2,2,1,9,0,2,3,0,0,33,2,6,0,0,1,2,2,0
SAINT MARTIN,North America,Caribbean,9,3,6,3,5,0,0,0,0,1,0,0,0,0,0,1,0,0,0,0,0,0,0,5,0,0,0,0,0,0,0,0,0,0,1,0,0,0,0,0,0,0,0,0,0,0,0,0,0,0,1,0,1,0,0,0,0,0,0,0,0,0,0,0,0,0,0,0,0
SAINT VINCENT AND THE GRENADINES,North America,Caribbean,129,51,78,29,56,8,1,0,1,29,1,1,1,2,0,1,6,3,4,0,2,2,0,20,4,0,0,0,0,2,2,1,0,1,6,2,2,1,2,1,0,0,0,3,0,0,0,3,0,0,31,2,4,0,7,0,0,3,0,0,8,0,1,0,0,1,0,1,0
SAMOA,Australia&Pacific Islands,Polynesia,17,7,10,3,9,2,0,0,0,3,0,0,0,0,0,0,0,0,6,0,0,0,0,0,0,0,1,0,0,0,0,0,0,0,0,0,0,0,1,1,0,0,0,0,0,1,0,0,0,0,0,0,0,2,0,0,0,0,0,0,0,3,0,0,0,2,0,0,0
SAN MARINO,Europe,Southern Europe,7,3,4,1,3,1,0,0,0,0,0,0,0,2,0,0,0,1,0,0,0,0,0,0,0,0,0,0,0,0,0,1,0,0,1,0,0,0,0,1,0,0,0,1,0,0,0,0,0,0,1,0,0,0,0,0,0,0,0,0,0,0,0,0,0,0,1,0,0
SAO TOME AND PRINCIPE,Africa,Central Africa,1,0,1,0,0,0,0,0,0,1,0,0,0,0,0,0,0,0,0,0,0,0,0,0,0,0,0,0,0,0,0,0,0,0,0,0,0,0,0,0,0,0,0,0,0,0,0,0,0,0,0,0,0,0,0,0,0,0,0,0,1,0,0,0,0,0,0,0,0
SAUDI ARABIA,Asia,Western Asia,16925,11477,5434,432,7646,3199,325,0,1632,3308,331,33,1,18,2,173,87,1002,1372,499,206,430,94,1721,248,0,12,123,53,645,574,166,151,70,625,266,9,558,241,265,0,84,32,274,58,55,11,126,32,44,726,1150,150,360,1444,0,27,84,29,342,784,136,695,0,0,309,292,80,8
SENEGAL,Africa,Western Africa,643,375,268,128,253,40,1,0,61,84,13,0,2,61,0,4,4,8,31,9,7,11,4,50,18,0,1,8,2,13,6,34,12,6,21,18,7,12,14,12,0,4,0,21,0,4,2,17,6,1,87,31,3,5,21,0,4,9,0,7,54,4,26,0,2,12,4,5,2
SERBIA,Europe,Southern Europe,1437,852,585,90,713,178,0,0,27,260,26,2,0,141,0,6,6,17,110,13,22,14,2,100,40,0,4,18,6,116,28,31,22,19,65,20,15,19,14,72,0,6,4,36,4,15,11,27,8,6,155,34,44,14,77,0,6,14,1,26,70,13,24,0,5,14,16,20,8
SERBIA AND MONTENEGRO,Europe,Southern Europe,0,0,0,0,0,0,0,0,0,0,0,0,0,0,0,0,0,0,0,0,0,0,0,0,0,0,0,0,0,0,0,0,0,0,0,0,0,0,0,0,0,0,0,0,0,0,0,0,0,0,0,0,0,0,0,0,0,0,0,0,0,0,0,0,0,0,0,0,0
SEYCHELLES,Africa,Eastern Africa,9,4,5,0,4,0,1,0,0,3,0,0,0,1,0,0,0,0,1,0,0,0,0,2,0,0,0,0,0,1,0,0,0,0,1,0,0,0,0,0,0,0,0,1,0,0,0,0,0,1,0,0,0,0,1,0,0,0,0,0,1,0,0,0,0,0,0,0,0
SIERRA LEONE,Africa,Western Africa,374,230,143,59,127,25,0,0,6,143,2,0,2,10,0,0,1,11,16,3,2,34,2,6,3,0,0,8,12,10,12,3,1,4,20,23,1,23,25,0,0,0,0,4,3,1,1,9,1,1,20,37,9,2,16,0,1,2,0,4,10,1,21,0,2,5,3,1,0
SINGAPORE,Asia,South-Eastern Asia,3864,2037,1826,65,1906,646,5,0,3,1025,151,12,1,50,1,5,1,26,893,21,84,41,2,54,82,0,20,15,8,244,70,6,8,5,533,44,6,82,27,20,0,0,0,90,3,4,28,55,2,4,663,39,14,26,275,0,57,10,2,13,95,22,43,0,4,88,28,0,1
SINT MAARTEN,North America,Caribbean,30,12,18,6,17,0,0,0,0,2,1,0,0,4,0,0,0,0,0,0,0,0,0,12,0,0,0,0,0,2,0,1,0,0,0,3,0,0,0,1,0,0,0,1,0,3,0,1,0,0,2,0,0,0,0,0,1,0,0,0,0,1,0,0,0,0,0,1,0
SLOVAKIA,Europe,Eastern Europe,411,209,202,29,193,29,0,0,11,62,6,2,3,76,1,5,3,3,55,4,11,5,4,30,6,0,4,3,2,9,10,6,2,3,35,3,6,9,10,15,0,3,0,12,2,5,2,7,2,0,38,8,7,1,15,0,4,2,0,5,18,4,11,0,3,3,13,2,0
SLOVENIA,Europe,Southern Europe,233,123,110,7,119,36,0,0,1,54,9,0,0,7,0,2,3,4,33,3,5,2,0,14,3,0,3,7,1,9,6,2,5,3,19,5,0,5,1,2,0,0,1,9,0,0,0,7,2,1,21,1,9,0,6,0,0,4,1,6,15,3,2,0,0,5,2,0,1
SOLOMON ISLANDS,Australia&Pacific Islands,Melanesia,9,3,6,1,4,0,0,0,0,2,0,0,0,2,0,0,2,0,0,0,0,0,0,0,0,0,0,0,0,1,0,0,2,0,0,0,0,0,0,0,0,0,0,0,0,0,0,0,0,0,2,0,0,0,0,0,0,0,0,0,0,0,0,0,0,0,2,0,0
SOMALIA,Africa,Eastern Africa,118,70,48,2,82,5,1,0,0,13,0,0,0,15,0,0,0,0,3,0,7,1,0,1,2,0,0,5,1,5,1,0,6,0,19,0,5,1,7,2,0,1,0,2,0,0,1,1,0,0,13,3,2,1,4,0,1,2,0,1,12,0,3,0,1,4,0,0,0
SOUTH AFRICA,Africa,Southern Africa,3387,1787,1599,580,1820,224,3,0,11,550,71,31,10,87,1,32,45,39,337,51,44,33,6,169,112,0,10,59,56,98,50,69,63,38,143,35,14,90,48,89,0,24,6,130,6,58,12,82,14,8,359,82,57,35,136,0,18,45,14,76,231,47,99,0,7,49,26,31,3
SOUTH GEORGIA AND THE SOUTH SANDWICH ISLANDS,0,N/A,0,0,0,0,0,0,0,0,0,0,0,0,0,0,0,0,0,0,0,0,0,0,0,0,0,0,0,0,0,0,0,0,0,0,0,0,0,0,0,0,0,0,0,0,0,0,0,0,0,0,0,0,0,0,0,0,0,0,0,0,0,0,0,0,0,0,0,0,0
SOUTH KOREA,Asia,Eastern Asia,47401,24648,22729,2271,19488,10021,231,0,2384,7755,2107,21,569,2554,27,256,88,685,8584,216,500,467,89,1475,1887,0,404,365,140,2524,1411,229,218,91,2994,896,150,1493,788,602,0,54,7,637,95,96,137,1099,61,246,6678,874,206,527,2066,0,373,151,75,246,2716,724,1239,0,15,1345,957,25,8
SOUTH SUDAN,Africa,Eastern Africa,152,117,35,5,75,2,0,0,0,18,1,0,2,49,0,0,1,1,17,1,3,0,0,7,9,0,0,9,2,5,4,4,4,2,9,5,1,2,3,3,0,0,2,4,0,0,4,2,2,1,15,3,10,1,3,0,0,0,0,4,1,1,1,0,1,3,1,1,0
SPAIN,Europe,Southern Europe,10270,5453,4809,510,4551,893,18,1,330,1704,396,33,45,1789,2,125,80,154,912,111,177,105,33,923,296,0,37,143,67,646,217,156,181,147,701,109,137,273,108,354,0,53,12,272,11,44,63,149,38,18,1067,221,78,53,456,0,50,124,23,143,354,176,176,0,67,63,164,159,16
SRI LANKA,Asia,Southern Asia,3108,1540,1567,39,610,1914,7,0,6,505,20,0,1,6,2,35,16,61,191,21,41,21,12,125,52,0,8,74,7,109,92,117,80,63,106,69,13,133,72,77,0,68,18,28,26,30,7,36,45,17,226,227,49,12,93,0,25,67,30,34,262,28,104,0,2,16,32,19,10
STATELESS,0,N/A,40,19,21,0,26,9,0,0,0,4,0,0,0,1,0,0,0,0,4,1,1,0,0,2,0,0,0,2,0,1,0,0,3,0,6,1,0,0,5,0,0,0,0,1,0,0,0,0,0,0,3,3,2,0,1,0,2,0,0,0,1,0,0,0,1,0,0,0,0
SUDAN,Africa,Northern Africa,371,263,108,17,116,79,8,0,8,133,7,0,0,3,0,4,1,5,22,3,7,1,2,22,4,0,1,19,0,20,10,3,1,5,21,6,0,6,16,10,0,1,0,9,1,7,0,4,0,1,22,16,5,1,14,0,1,0,3,33,27,4,13,0,0,6,8,1,5
SURINAME,South America,South America,54,21,33,9,21,5,0,0,0,14,3,0,1,1,0,2,2,0,4,0,1,0,0,19,1,0,0,0,0,1,0,0,3,1,0,0,0,0,1,0,0,0,0,3,0,0,0,0,0,0,7,2,0,0,1,0,1,0,0,1,0,1,1,0,0,2,0,0,0
SWAZILAND,Africa,Southern Africa,219,104,115,13,150,18,0,0,1,28,3,2,0,4,0,0,0,0,13,3,0,1,1,8,0,0,0,15,13,20,7,1,0,2,13,2,1,2,14,1,0,1,0,14,0,1,2,1,3,1,14,2,32,4,5,0,0,2,0,1,5,3,4,0,4,2,1,0,0
SWEDEN,Europe,Northern Europe,2983,1314,1669,490,1694,87,2,0,67,339,197,7,4,96,4,22,10,31,786,34,44,13,13,221,69,0,40,30,5,137,21,29,39,23,141,14,13,58,30,47,0,14,9,117,5,14,34,48,11,7,337,28,14,13,86,0,18,67,3,39,89,27,37,0,23,28,20,19,2
SWITZERLAND,Europe,Western Europe,1744,940,803,87,603,134,5,0,351,274,125,32,14,119,4,7,4,12,468,7,22,17,2,165,26,0,104,12,2,51,20,11,6,11,170,18,9,17,14,8,0,8,1,24,3,4,6,24,2,3,255,14,9,20,45,0,9,11,1,16,34,11,21,0,5,14,8,9,0
SYRIA,Asia,Western Asia,305,212,92,15,136,58,1,0,13,67,14,0,0,1,0,4,1,3,22,2,6,6,0,15,7,0,0,8,1,16,4,5,3,2,41,2,3,15,11,6,0,2,0,6,0,0,2,3,0,1,34,8,9,0,12,0,10,2,0,0,9,3,7,0,2,6,2,3,1
TAIWAN,Asia,Eastern Asia,21213,11135,10078,689,5811,3901,90,0,607,8826,826,29,32,402,7,99,10,579,5330,122,139,205,29,451,488,0,72,84,88,1239,755,41,49,41,1416,405,11,629,251,230,0,25,1,285,10,13,30,296,13,42,2573,354,54,370,1118,0,72,89,5,55,1159,227,237,0,7,1121,252,18,3
TAJIKISTAN,Asia,Central Asia,239,167,72,27,106,17,0,0,37,38,8,0,1,5,0,2,1,3,14,5,1,3,0,5,1,0,0,3,3,11,3,4,5,2,10,4,0,3,5,9,0,0,2,2,0,15,0,4,0,1,59,4,3,1,8,0,0,2,0,3,14,0,14,0,0,5,4,1,0
TANZANIA,Africa,Eastern Africa,1281,637,644,210,483,134,17,0,19,336,24,3,5,50,0,18,8,9,109,4,24,10,5,67,23,0,0,24,12,43,29,36,7,5,74,26,9,49,70,29,0,5,2,22,5,5,5,24,4,4,87,50,23,3,44,0,3,9,5,25,121,12,76,0,3,37,14,3,0
THAILAND,Asia,South-Eastern Asia,6937,2921,4014,487,2078,540,7,0,1325,1564,467,5,29,435,2,46,19,48,1326,65,66,73,11,192,109,0,18,47,8,514,117,31,38,19,707,67,17,115,63,54,0,17,1,58,7,18,47,107,12,17,1388,73,19,127,201,0,29,34,2,34,180,69,296,0,8,306,105,9,1
TIMOR-LESTE,Asia,South-Eastern Asia,15,9,6,0,13,1,0,0,0,1,0,0,0,0,0,0,0,0,0,2,2,0,0,0,0,0,1,4,1,0,0,0,0,0,0,0,0,0,1,1,0,0,0,1,0,0,0,0,0,0,1,0,0,1,0,0,0,0,0,0,0,0,0,0,0,0,0,0,0
TOGO,Africa,Western Africa,240,143,97,53,83,26,0,0,24,41,9,0,0,4,0,1,2,2,16,0,1,4,2,8,13,0,0,14,3,14,3,5,3,1,5,12,1,8,9,17,0,3,0,14,1,15,0,6,3,0,14,4,1,5,4,0,0,0,0,1,10,2,5,0,0,6,0,1,0
TONGA,Australia&Pacific Islands,Polynesia,28,15,13,4,12,4,0,0,0,6,0,0,0,2,1,0,0,0,4,0,0,0,0,0,0,0,7,0,0,1,0,0,1,0,0,0,0,0,0,1,0,0,0,0,1,0,0,0,0,1,0,0,0,2,0,0,0,0,0,0,0,9,0,0,0,0,0,0,0
TRINIDAD AND TOBAGO,North America,Caribbean,1520,800,719,169,880,133,17,0,3,269,25,7,1,16,1,11,13,8,46,13,12,61,7,463,61,0,1,9,7,44,27,17,14,14,48,21,5,10,10,17,0,12,0,26,1,3,5,46,6,2,212,31,23,5,47,0,5,11,2,28,67,4,21,0,2,4,9,5,2
TROMELIN ISLAND,0,0,1,1,0,0,1,0,0,0,0,0,0,0,0,0,0,0,0,0,0,0,0,0,0,0,0,0,0,0,0,0,0,0,0,0,0,0,0,0,0,0,0,0,0,0,0,0,0,0,0,0,0,0,0,0,1,0,0,0,0,0,0,0,0,0,0,0,0,0,0
TUNISIA,Africa,Northern Africa,1142,713,427,134,283,157,4,0,382,147,26,3,0,6,0,9,6,6,306,11,5,106,1,75,12,0,1,14,2,23,12,11,18,6,58,8,6,39,8,5,0,1,0,19,1,8,1,21,2,5,66,11,1,4,31,0,2,2,2,10,44,9,101,0,0,18,32,1,2
TURKEY,Asia,Western Asia,11975,7057,4915,538,2953,2599,16,0,3525,1744,378,4,6,212,0,56,11,113,2218,65,125,252,46,558,224,0,1,79,7,649,182,26,37,48,973,113,50,176,91,56,0,17,47,181,8,18,61,712,12,16,2747,133,29,35,447,0,68,47,4,51,515,39,408,0,11,96,91,22,3
TURKMENISTAN,Asia,Central Asia,470,267,203,86,134,28,1,0,106,76,35,0,0,4,0,4,0,5,26,0,5,6,0,12,7,0,1,19,0,54,3,9,6,2,11,0,0,3,7,9,0,7,8,4,0,6,1,7,2,2,73,4,3,1,12,0,1,1,2,2,74,14,4,0,0,41,2,0,10
TURKS AND CAICOS ISLANDS,North America,Caribbean,60,24,36,17,27,0,3,0,0,7,0,0,0,6,0,1,0,0,1,0,0,0,0,39,4,0,0,0,0,0,0,2,0,0,0,0,0,0,0,0,0,0,0,0,0,0,0,1,0,0,5,1,1,0,1,0,0,0,0,1,3,0,0,0,0,0,0,0,0
UGANDA,Australia&Pacific Islands,Polynesia,1327,705,622,102,465,260,3,0,5,397,23,0,5,67,0,13,9,17,70,12,17,20,2,34,35,0,0,129,13,54,37,18,19,18,101,30,4,35,57,47,0,4,2,43,3,5,8,13,3,4,73,55,50,15,51,0,0,8,6,19,77,11,29,0,4,26,25,1,1
UKRAINE,Africa,Eastern Africa,2806,1214,1591,156,1156,284,1,0,200,409,115,8,35,442,2,19,10,32,361,14,81,31,6,254,58,0,8,18,20,219,34,24,23,35,201,32,35,42,36,56,0,6,2,41,6,4,31,51,11,4,313,95,16,51,146,0,19,19,4,33,107,37,64,0,17,41,19,14,3
UNITED ARAB EMIRATES,Europe,Eastern Europe,1262,1038,224,79,847,60,1,0,120,107,42,2,0,4,0,5,1,170,182,34,11,22,3,45,7,0,0,9,0,53,80,4,6,10,67,9,1,36,2,5,0,0,0,2,0,0,2,10,1,1,78,29,1,18,174,0,2,2,1,4,30,13,84,0,1,21,24,2,0
UNITED KINGDOM,Asia,Western Asia,11137,6795,4340,852,5847,1127,179,0,7,2277,453,90,37,268,1,124,57,199,1313,148,276,125,27,718,310,0,29,181,49,434,135,171,141,96,813,86,28,212,72,240,0,73,23,412,27,81,73,345,37,19,1566,218,164,68,457,0,96,152,21,233,483,83,176,0,32,91,78,103,23
UNKNOWN,Europe,Northern Europe,4,3,1,0,2,0,0,0,0,2,0,0,0,0,0,0,0,0,1,0,0,0,0,0,0,0,0,0,0,0,0,0,0,0,0,0,0,0,2,0,0,0,0,1,0,0,0,0,0,0,0,0,0,0,0,0,0,0,0,0,0,0,0,0,0,0,0,0,0
URUGUAY,South America,South America,475,253,222,31,196,88,0,0,46,89,13,1,0,11,0,6,1,4,38,4,8,7,2,101,11,0,2,3,2,13,13,15,6,4,25,4,1,9,3,9,0,4,0,9,0,1,4,8,0,1,57,5,5,1,17,0,0,3,0,7,18,24,4,0,0,3,6,4,0
UZBEKISTAN,Asia,Central Asia,1633,1276,357,66,571,71,2,0,441,395,68,0,1,18,0,4,3,111,158,27,53,12,2,146,13,0,1,38,0,106,9,18,22,1,46,10,2,28,13,54,0,16,1,9,2,6,5,21,1,0,402,56,7,5,98,0,3,0,2,15,22,5,43,0,0,14,18,1,4
VANUATU,Australia&Pacific Islands,Melanesia,5,3,2,0,4,0,1,0,0,0,0,0,0,0,0,0,0,0,2,0,0,0,0,1,0,0,0,0,0,0,0,0,0,0,0,0,0,0,0,1,0,0,0,0,0,0,0,0,0,0,0,0,0,0,0,0,0,0,0,0,0,1,0,0,0,0,0,0,0
VENEZUELA,South America,South America,4683,2273,2408,600,2005,290,6,0,856,734,100,6,10,76,0,26,19,25,128,32,19,52,9,1945,147,0,1,52,11,147,55,31,57,33,294,25,6,43,23,66,0,31,4,86,3,9,4,43,10,4,336,38,34,11,116,0,8,22,4,50,407,73,46,0,3,17,22,18,4
VIETNAM,Asia,South-Eastern Asia,24865,11552,13305,3350,13027,1932,105,0,804,2907,664,3,42,2031,4,219,199,495,3898,188,294,176,38,1169,630,0,42,347,21,1004,530,225,163,197,1758,249,125,455,457,430,0,77,6,255,18,183,72,241,127,93,1365,1081,187,322,1267,0,53,63,24,167,3283,208,558,0,26,1503,332,28,13
WEST BANK,Asia,Western Asia,372,236,136,25,139,72,0,0,36,88,7,1,0,4,0,3,1,8,31,5,3,11,3,18,3,0,0,7,3,30,8,2,4,2,12,2,3,16,20,5,0,3,0,11,1,0,1,10,4,0,38,16,2,1,20,0,4,0,1,6,24,7,15,0,1,3,4,0,0
YEMEN,Asia,Western Asia,342,289,52,41,78,43,4,0,109,61,4,0,1,1,0,2,1,8,55,6,3,7,0,14,4,0,0,4,2,19,7,3,3,1,7,4,0,25,10,8,0,3,0,5,2,0,1,3,2,1,54,6,1,11,10,0,0,5,0,3,18,1,8,0,0,10,3,0,1
ZAMBIA,Africa,Eastern Africa,695,354,341,109,332,78,0,0,5,143,18,0,2,8,0,15,10,14,44,8,10,10,3,28,28,0,0,13,22,34,18,4,11,5,21,11,4,19,23,15,0,5,7,19,0,8,5,7,18,3,48,27,18,4,29,0,1,3,2,10,58,4,21,0,0,20,3,4,1
ZIMBABWE,Africa,Eastern Africa,2065,1089,976,271,1051,222,1,0,7,451,39,2,1,20,0,27,25,36,137,13,35,23,14,62,66,0,2,67,47,75,51,51,27,27,115,17,5,72,63,102,0,24,1,56,14,12,24,32,8,0,121,69,54,19,91,0,11,26,8,46,145,36,31,0,10,23,23,19,3